f604f1b1574f0d,677a96af-26c0-3e97-a1dd-04ff46bf4bcd
4ea91d4cda80fd,dee21ca8-f718-339f-acd9-a370d6c09e74
7dfb2a9d77e269,d7ff3210-dde8-3780-b340-8ac16376c2b5
67c2cfd362e9f7,b9ec924c-348b-3c4f-8093-96866d197923
barbe,e58e0731-d58e-3366-adb7-480a5974e94f
14643f619b1490,c716ea21-acea-3bd1-8638-e3f5f49c2178
64cdf98742568b,54cb90c7-ca88-3eaa-b288-b413e60e0812
68d0d795edd87b,6d6603d9-22a8-36f9-9dc1-698189c77591
226fce529dcfeb,88224e69-4ca8-3b89-a459-77901b9dd08f
225d24edf6b0ae,8c01bc60-51c8-3d0b-8770-7ca70330e262
69a57a8f1961b6,16bc5d46-84b2-3abb-b242-ff62aeb50132
04df9f9d195a82,5bcf9a21-2582-3344-8162-1629fd31c757
058f470b838a30,222756ea-3dec-3caf-bea5-c7d21d1ccd44
dosi,1ab52e54-ca9a-3f57-949f-4636e90d8972
fe4a12a915d41c,1c36503b-7e89-3a58-83bc-d8310aa48cb6
7f7504c6047f9c,7493f1d9-fb36-3b7e-ac97-aa0b3c20f10a
bf49c300cfab5c,4c6be274-2d09-3311-b018-782b5d41f33c
30962f5a19206a,571b4069-786c-3677-817e-d3bbc225c85d
7a9cdbfbef7e9d,fb33a44b-9098-3586-9b97-5209a9fe3b94
8de14f6cf53cc6,79b40815-3f58-34d0-b012-b579c8519344
fbd8dfba9f0bd2,95efa5ff-8a66-3a9c-8a62-94d1de8f4c31
35daec5fc66c3a,68698c86-6a8d-3ec6-8358-d0ac55f00062
4983f2ad8bab02,e7d97c17-ec42-36c8-9e49-95f08e623b6d
c9134c3f2ba17f,c2bcb64a-d189-351f-93a4-22035586238d
8e890b985520b5,fdfd2715-ff55-36ab-bc3b-3c93cf81d08a
74c51d284c6d75,520d7627-189d-3979-9ce0-da03364338e7
9c8284692b6fce,952d1478-f547-374c-828b-58ece416d37c
9e00d3659d1c5e,80915eb3-d8fd-38c4-a287-7398cfbc40ec
dc4e2581480c30,ca4b79e8-abe4-3151-9c14-ecad4e0809e5
0854edf1441523,9670fd26-a602-35a8-9e21-e4076941256d
5ec32eadc11db9,7b8451f2-fe21-36a3-89a1-6515b44f2095
8e1acd4d5609b7,c6847842-ee4a-3514-b177-ae6ccd9f4ae1
964815d03a032c,f8a98f4b-2901-3aca-97c3-7c4961ba51dd
1315d287ceac19,ecca2215-542b-3da4-882d-7806d3e3fe18
22fc0991c4e92e,e16e0109-77c1-331b-b783-91e9be8c7d4b
4b97f2a35d9e01,d2a51339-7b40-3091-9ecb-56e86d09b655
fbd15bd5f81580,0ea83641-6383-3cdf-b6cc-c0efa476a5fa
4a00407f4e1484,74976ae0-34b8-383e-b7ec-4ec21b0cd5e0
272e2e1ac40c41,27d5230b-81de-311b-a070-deba9d91268d
ca49fbfb5ba90d,605ed16f-1aef-3e41-bfb6-ff13374b0735
f6c6cf7a454b4e,3dda7665-ad15-35c4-999b-02d214f45afc
2878c795172992,b659983c-3a0c-3aa0-978b-e5eef9b61391
8b99f5d3825143,44950ada-9b6d-3592-afea-1cb9893b9d97
ddf14b77415664,4e1122ff-c2f1-3e2d-9749-9edd1230842a
4cb8cc0f76a4c8,9b779324-552a-3b72-821d-f58c57f7acd3
26d618a0f0ab2c,164a6f2c-1438-3c99-a316-fcbb68c708ec
6755d218d5f4e1,3e2201bd-8728-3d28-91d0-29395d0ce09d
957fe48008d09d,61da72bd-d864-391c-b47f-30f8449706ff
40cd3659a872bd,ef589821-f0e9-3908-a96c-ea91a831563b
1882a5b34f2a1e,388075f8-8c16-320c-a772-3de7e03d72f2
e5f3ac1bcd7a2a,6b0093fd-7a67-33c4-bbba-e4730cf5c06d
3603d319598cea,ee773dfb-9350-35dd-9bea-da38f167f0d0
40564f77318bfc,54aa4392-e546-324d-9daf-4dde9b019044
601880d4f53626,fcb0dcaf-3fea-3155-9f7f-ab3c6c6bf546
6ba144beb8a14b,5400b106-b0f9-3033-919e-485c8099bd00
03653dedd6f4e1,180e0bc0-69aa-32ea-8f7b-2a62b55650e3
6ae29a77ccc5fd,0cce223f-a451-371e-8f0a-7702a057ab90
a093009a9c176d,f7e01a9c-9b52-380a-ac13-55a75ee7b5f9
df32f9c5f3590c,72ef04ab-7048-3031-940a-cd4c5da9539a
82dd6afed9969f,0685e3ba-9ebc-3973-8eb0-809dacaa7ab4
e65caeb5b8ef0b,ed38739d-bf38-3c00-9c55-23c0891431d0
9d9d9f91438805,eceeef2f-af25-30f2-8af4-cc8ad91c56d6
f83b450837772c,2a7035e3-7222-3b50-b937-bd88c086583f
055b25d8a81db6,6d4bb48a-636e-3f67-865d-4989baeaefcd
769c28299713c9,fe8a4f2d-3711-3408-8109-631267beca84
b251fe93dea28f,166afc51-c232-32ad-b0f0-6b9d621740be
f4dd33efca95a2,b1c0e2f7-abd0-307c-b580-afe54bca1348
43815d1a835afe,f01013d5-c6b3-3802-a517-bb85de2cac7a
23c9b86d4b200e,7a0dc733-1ff2-3727-8f5b-7bf5c225ff3b
caa7e8bc9fcdf7,a6c4bebf-de53-3373-87d4-90d6be9e618a
7617e2a48db3ae,074f1d29-3dc9-3911-a1fa-b0c46abef1e0
leeann,ce56b90d-627d-3dce-8ad1-8ddf6cfcd970
b33a4baf12afe0,96a293da-8944-3b2d-8d0c-77f3a43beebc
3813df18559144,1cb7cc38-972f-376a-ad47-5deb71313515
phylis,a62e1be2-08f5-3655-a476-7cbbf75fdf6a
36144dc1d41b65,03f86f14-d849-38c9-88ba-b26d16912fd0
sheba,ca5715d1-8596-3a50-a217-220257a08e09
267055e120702f,17f29369-4785-3d56-ae2f-9712cc3bbceb
10adf8b6e263ea,70f0b685-3a47-3fb5-9372-5cf2b9d1ec1f
5684d6c86f08cb,a58cb611-2b58-3f94-923c-7a57d23a5c62
48dfdca475e21f,1d96520c-be3c-3aff-a7e2-7edba6797619
5bf7ad66807329,2cd2bbbe-e670-3a9e-b425-6697559e99b4
abe09d9cefc7be,bc3675a5-79ef-37e3-b868-18e7dc3e3b86
a5deaaeb8d9e97,d8cee682-2ad5-3162-8536-2b1aafdab4fd
d91d62ef0478cc,8dd1d993-ffe7-365f-a1d8-a4895071e25a
5155c95a3d098f,9778250b-d0cf-3218-ab3e-5c8fa2c87a88
e695672581d67f,40e0fe5a-0867-3ad4-a423-c4a69c9f5c82
9a1daf43f2d150,9b98ec99-d77a-377c-b9f9-417e2853e8fd
ec377c76f53d44,b448b0a5-f371-38d6-87fa-f39864572deb
1fbe215e31d9a5,2981625e-c490-3436-815e-7adcd2604af8
d2a8925c61b97c,67ea78aa-8b4d-3b98-833c-fd38776af6af
0f8531af421304,19bc2be8-1bcd-37a0-802e-0c93b9d5c07e
6307ecc02f0e3c,b876f993-885c-380b-9956-d23231ef3dab
35ff37b115b90c,7b9ab416-6165-3b63-ae8f-49c7ddb74f7f
c4f74ad71e4187,21629d7c-d26f-3c6e-b0a7-9d1bc7965acc
a3dbf256e67dfc,0f2a868a-c9b3-34ad-b59a-f9b5755dff2c
39d4fe59396151,cbd8f672-c154-390a-9d14-9b9986c88ca7
71099591470fe8,69c00ba7-2548-3062-820d-f343c75dd206
0402489d8a18e4,1af89b7f-41da-397c-977f-ca0a9503edb3
1edc6b95c4e569,c1fbf415-5ede-36ef-a054-6d302db35be6
f6da27077b7cba,47225f7a-990a-37b2-9546-1e4b4d90bd2a
3e49f5c3caa8b2,2f012f80-5252-3cb1-8283-aaf0d837cfce
226621e251467b,a0d13e34-a5ce-37bf-bc86-5f47220e4b77
46567cd0f3ec9b,56b7cc44-3529-36fe-a41c-79463c935a53
4da839adc12a6e,173d41d1-5281-3f47-9354-e026a2bf04d8
330419f8d76e04,317d96eb-4f59-3197-aab8-917fa3569af4
58bbf2ff3ee166,a921a3f2-090f-3e65-acf3-7a85d0f6d733
3aed75259f97f0,56c68a23-6336-3a05-9044-08866a7e4025
margaret,d3538aa6-92ac-3d78-b8d7-97f4876e8ad4
6fbd873a185da1,e61d9e84-e091-37fc-9e2c-88f5177da76d
763d77c342fe9a,acd63f41-1483-31d7-83a0-dca7bbf1985c
373dd3ae511c68,df2d47e6-fd3c-3aea-bc05-59670c58e747
aa99d4bac1ffaa,6fcfa1bf-5699-37c9-8ff1-67f554ba13c9
177eea5e8e59ec,f79e23ee-ffa1-36e0-93d8-29dfb74a2eb0
2ab34b91787bd0,74ff3770-d535-3a3b-8359-7985c6c676b2
89b909d0f02f88,56e3d185-be1d-3572-8280-af83f2d95373
a9251823605911,082c0833-3307-318a-b6c8-4b949f1e6922
sibylla,3766d88c-7662-3a4f-9d6d-1fb3a802d7f9
a37c125730e6e5,653297d9-a02a-3580-b1f6-e28017aa5646
a09ac1d259a05e,0f2e2ee3-119f-3d9e-837d-4f29da89246d
15ec497f4566ca,17318733-6427-328a-a707-fb69c708b410
c557202449df09,74442f0c-6a1a-3586-8a02-86186aded178
68564f23e0e939,817aff26-23e4-3bfe-8ea5-b828bf0a845d
b65cd0ab7ff935,fd64ef5c-1001-302a-bdb5-d6beca727e19
bee3c6e750e94b,cce40116-02d0-36b0-9463-050962a55de2
16bb7dcb35c559,5f17c00b-51c6-3471-8704-1659c78fdbe3
4eec39d81331bf,a834bb29-0798-3f74-91ad-cbf4f87fbd60
bd87685a27c291,09f1dee4-78a8-3af6-83aa-c6c67ae96c87
b54852af9e3f5e,5d064b69-0628-3832-96dc-f5b8255ab64a
19575112c80e5a,ee8fe806-6d90-31b4-86eb-cd1e54e9d80f
5f87fa90004d18,fc710c2d-0fa2-3c57-a837-7e33366534e5
d24666d924ee17,7089f698-62b1-38b7-ad3a-21cd4089312a
82e1c72df3e3bd,e2a6b7b6-f50b-32a7-ae18-95fe5a757f82
3cd9344dad3ff7,3b0ad52a-f9b6-325a-b10c-dbad665da631
3fafef1e96847f,e614cd4f-bf96-386b-bd75-336c1242b3d2
46e905ede38d2f,aa1aa851-e94e-397a-a6c1-3d2d110e56ab
d3bdd479f63d48,388dea6f-5f15-3684-bff8-265dbfdfc124
d77007e1a8d4f9,81e39f4a-7d41-374d-bce1-58f034bd953a
ac4f876aa2003d,b3a5f9e3-1e4c-3387-8172-4b17c8fc70ef
b9ad8ec2f2780c,c622bd9f-9e00-3dac-8578-32da2f01797e
c3b959dfcce6f3,22e88a35-768d-3932-93b3-2057906007df
f4934cba252051,6e3c52c3-0e9d-3815-b57f-e56d8b8389bb
75efdb04b7b454,906414c0-4019-3231-b145-f528fc08bf7a
76cc5bec13864a,e3a0b4f2-a79d-3ea1-94e7-91e2987723d8
153a14a938295e,566b8d0b-2018-3e02-a95f-dfcde1fb6cf1
28b30cf1d02205,e94d13e3-71cb-30e9-813f-51c475608770
dorgan,50a7455e-4e36-3ef4-968d-6f9cd6e891c4
2a747fed22293a,8e5cdbea-fe43-3846-9076-d945c26636b8
f11860bd29d826,fb495d72-8755-35d4-8c3d-ddb79c68f6ff
526f433646c407,6a250bcd-c8f4-3282-9c75-b0134c7b00fc
77cfd2484fd81d,4b68abd0-7b85-37d7-a0fb-ce97d0966a29
792315f09a5d54,d28b57e8-eb1e-3668-a357-545e8a8b8288
a7b024e18f36ea,47ef92f6-abe9-3292-a069-2984792db371
0d4cf601e77ac3,33335330-d292-3df9-a8ae-048e4e657012
7fd1c347fb59fc,6ad7477b-23d3-3650-8f97-2cbddbd4fbbd
fc87dfe5801830,5a21def9-4baa-367a-b789-d6aed0d56607
2cd790c6c18ed1,da0b4978-176a-3f76-99fb-a7f72e95ffe3
37cb990de6eed2,ade3a5ff-a40c-35e0-bad3-e67355dd2d9f
da61b4241a68d6,aac1d239-cc23-3541-8817-b381d918f2af
efba617ebff177,ed06c6f9-2bef-3307-83e2-d1792f6cc312
566de8cb0169c5,d7959c98-94cf-3eaf-899c-c0cb6582a2d7
12e75b64be8625,e24e3315-e542-375a-b757-69f933a6a678
c421287e227450,3996d656-38b4-3484-8048-ed245a05055c
a5b5a7a4dc84fb,159b2105-a7e5-36cc-b6ad-ebbdd7099232
76a581df431df5,eacf1a28-2acd-3476-ab04-b8cccdc3e3c8
9ad9104a972f52,e0097861-f680-32e2-982c-306eb0b75cb3
aa7bd918421fad,0eb4a7e9-0e45-32f1-91c4-68520fed3b18
dbd99dd8b9b44e,c35ba76d-0a03-339d-a41c-f180d321f062
5e497c61ab9231,f87166c4-ce94-3ba3-8b58-82158845d8ad
1e5a2e32d10e4e,4cd210d8-7904-3c08-8935-f2d71ae90b7b
9a0a6c2082aaed,cb70df95-27a7-35dc-abdd-bebf1af76936
b4939112a7c911,922a6e62-1d4c-3568-8420-2c0a26c0070c
190c8b21f942b7,f5c89ab8-98aa-3511-84fd-e17e85b7fceb
88e5011e36becd,895f06c5-6ef5-36ad-ae48-bf037eba2abb
436278d062fc0c,b13cc76f-29ea-3ca2-b600-616197f3f853
44f6b294f5577a,ef8ee3e0-1e3d-3c52-97fa-0fcaee0bcb4d
7ded2b54efea9d,bcda876a-9085-3a3a-8aff-3fdcdc5694f0
7fa40923639461,12afdada-5a8f-3a76-a5e1-fb0f9f737888
c4ac16a8f36a86,07fc4d52-a417-35b1-b1d6-738fc2b4417a
49574612936d06,755c9593-61eb-3bc7-8ea0-b75e2fcecca9
7731e6e7562888,59af4ed3-86de-3c03-850c-bdbd06e3647b
4b1ca9495511b2,3325abc7-f6ab-3098-a5f1-40f976979713
ad6cb06a277246,144bcb19-aee7-38f2-914a-e71199824cca
d4ec18e1791577,30f6302b-99a6-3196-a821-1d5eb513d87c
458addcba6d112,237b193b-5a5b-395c-bcdb-a6d98dafffac
79250046a121ce,3a990f9e-9bbf-3e0c-a148-0c552832a705
fe27f3eab06267,cb00731a-40e0-3155-96f1-fa5501afab54
fc1c0beb992cd7,070b68d6-b65e-3398-8abf-6934b230d7c3
5561d341d450ce,07946edc-424f-3c78-b9ad-b8820a190572
25e6280de167a6,72f136d9-fcc4-3a81-9280-e2ba56bab65e
d084601663a345,65fac210-4872-37c0-85c5-6f88518af3c6
6b1fb59878bf8a,86c94a28-19d1-3d73-bc31-34ff8a1e7db4
e3218cbaaeff40,79ea7d86-f275-3b83-9c5f-50129883b782
3a8dde8f895088,bb4b824f-0199-33ed-bda5-829f8ececdc5
9cb4a0ed68c209,597d3727-72ff-3450-97e5-1bc67df3214c
elsinore,c84e027e-86b0-368a-8110-a5e08260974e
3dabbb5d7840fe,9f3e9b01-7df4-3741-8b43-f87529fd60ea
ff58e0232e0187,cd40b579-8376-3f1a-b928-aa981e6e0d58
dac8bac332392f,1cad86eb-18e8-3244-b71b-88ed058b82dd
67a39a4f90dd51,65d2110e-37da-382e-a37f-eae667919847
8c641a041d9299,52a166ee-1415-3048-accd-c95e42448815
b0c619c8f3dab0,248b3208-111f-3c2d-a718-e07bbf2b9dc4
0d18d5a7ae85f9,c54d6910-cb59-38f8-af5d-d57e48bbf669
7ef7f29b00c944,d18ededd-c075-3681-b97b-c8173799f788
70dd7f70b44279,dbbb49c4-0d27-3bd9-a545-26aafdf7cbfd
ebbee171c24b0e,cc780b1b-016b-3e65-86d9-781a968a46e5
0ec06fe93af715,fcab2504-aeb5-38e5-b2ff-55d9d4b0e0ba
c0a88bf59e0469,87267f2d-2aea-365d-8a8d-4d27de788749
d1d71520ca57a0,75b6f0da-7e4f-33c4-8c58-eba8c49a90a0
44a85d15126fbd,38c999ed-413a-3d65-9015-3b2f0183eb50
576c178a56d381,0dc43785-29fb-31d6-8bad-8862a7f8ae3d
86247a9b57fde6,33e11a4f-9807-304a-b057-e2b036dd2dc3
4dd0680d95cd83,f09c710d-c676-3fcb-bf31-f008b730aa1c
c5923d16f301dd,b370a262-7d5f-319a-b00c-eb14cebdc2c7
jermaine,0dc61d92-5a27-3247-a993-e5c9f7a886cb
93c13c0244048d,6fc87bdd-698a-391c-a391-993964074b1e
db7fa78053a449,cb1ee7f4-0e22-364e-8c8d-c4dc90159783
7787247aa70ff2,91a2f69f-615e-3b78-96d0-86c941fbe571
lanuage,994f0c03-d8c4-3da1-9f67-a0d67f2281e0
efa75faeeb732b,32e35a72-32af-3aeb-91ee-493e6f0061c9
ed41ba5d454997,e9824872-bc0d-3551-a25f-6f20dec4a1c1
22f2730d84997b,90dcea1c-e8a5-3fee-a151-1703991757b4
9a2656a37c0c23,598f36a6-6d91-36b5-8c15-64ea7b94f0b6
b1a9953c461129,2f7e65d6-607a-393a-90c2-81862cc3e740
b62621932b129e,523cf370-7c27-3254-88e9-326336b7c6c6
20c1b62bbb6a6d,e06b021b-c88a-3b7d-b1cd-5b0d96be0d00
2e80825ac2f3a3,46cf5624-1670-325e-9d3a-4a35195ffb82
ce1e78ee310765,fb01d5a0-5fc5-3ba2-8cf1-2d75304a6e50
de8ddb35c2a37c,c978a4c4-fc5d-3bc6-b626-798bb7d16d73
jyoti,c7f5dd61-8b93-3b6b-ae1b-89ffa02e404e
8598ee283437e8,91bfcafa-42e0-36ee-ab98-5ba461d5ab21
ff39d3acb32755,30ddab3b-92a0-3aa5-aab4-fd6bef77328a
2289681db3b897,8f76843d-6d6f-3a8d-9c7d-79c0ed5185f2
8d368ebb86f8ff,1b778159-bf33-3427-879e-4ad4b320eed4
02e2aa498c4929,0b041810-a941-3d1f-997a-7bc9106f420e
7d71c05a57c4f4,e34989f6-8f08-39b7-8c44-ef08e675e447
f2e39def307c82,d5ca7aea-285d-3291-8d74-4867764b6f92
159ece3f24f747,b16549f4-86cc-30a4-b1b4-ee5d44b187c2
e5961493190e3e,d1dbe249-42d9-3f31-817f-7ab280ec7e87
xr4zz3rs,830dbdf4-9397-3229-8fda-52beba5a5d94
bd43f5fc2fe199,e6e6b726-d0ba-3417-a388-14e82bb384e8
cde41b7b5187dc,8658a20d-5c39-39dc-9baf-89b34e20ca1e
64ba3abe3b9d23,fd7a761d-c76d-3f26-94f1-7406df61a48d
8e11caee979ba2,da6ed5a5-2e7e-30ea-b1ab-03de56aeec76
d73d5897b62238,1607fca8-9f50-39ad-a7dd-f870bab7927f
e0efccfc3170f9,162dcf17-9b4d-3726-a0e3-32a7f9a4746a
624cd06d854603,c00a67e6-c6e7-389d-8e49-584be663f17b
72eb68bbe8fd73,e42d0c16-0350-3940-8f3d-22356c96931e
0e39d7876fc858,7a136745-327d-363f-a92f-d9db6c52a3fe
acec597b63f57a,3a1138ef-0ede-3e72-ba84-e7509d85ca3d
e01b486faf025c,7d3ec6bf-292a-3367-8916-2ac48dc39499
525f3f6eeec28f,4289d8ec-eca0-329b-b36a-836ed1cfaaa0
2440ffc60bd8ab,8d89c120-7e33-347c-844c-2ac0295169bb
1df559c83c2d2c,a609ab67-4fc9-3bf8-bdbf-5f953144c1b3
440423480618c0,705ac6c5-0025-305f-9bcc-82690c88414e
212ce7fdc2357d,a1db90e6-e9a0-386d-b671-325f4d1e7e91
2a6dd253cbb6f4,18193f29-2cd1-3528-83e1-252abf84830c
911818d0c0359e,78187bef-aa9f-303b-8c07-bd614bb06495
02974ced350168,d84b3619-e6b4-300d-9183-90780bb93fad
43473e6140efb5,a56f17eb-f6dd-3ce0-99df-5dba308da664
8d36a7385a2f4a,3be9dd53-6ada-3f7f-b195-ecfeeb7f30d7
48e9591bc1c306,57bcfb81-e551-3599-a400-860edfe5478a
a23b115c485a6f,3ed69fbe-a673-3729-ad6d-e2746de18885
e11689a20304f9,43c76d04-441b-3d0b-8f16-2fca3fc03fd8
99e599460b6e73,6e262a7b-c5e7-3dcc-b16b-12ce86eb3088
9db22f9873fdd0,e53e1cc3-4e1a-3254-8f10-f70670d31c02
4f545ae89ef83b,db8cc28d-d0bd-33f7-92b4-d4074bac18eb
51c62cc85b8a31,e5b582cd-89d1-33a1-a3b7-9137a0573fd0
9c5e84d7380e09,542c5a99-ae2c-31ed-9e37-c8591f1ee603
d2366f384b6c70,587530a3-e1ac-3b38-a816-18bbc7525ecd
5aba0bd394c05d,8e2d9e21-9834-36a1-a3f8-3dc32ab91c37
6a9af88ae9bc3f,032c074a-2f03-34d4-9e09-7bd4b778522a
ed2ce73ea6a1c6,329340cf-0308-380f-8490-674f9051b47f
93785018d20a58,ebfa20a8-29a8-37a8-b76b-ca44c73172ad
0978ffc73cea5b,cf24674c-d65c-331c-afb3-006499368048
6865b129bc3b31,c8f1d11d-1087-3c3e-871f-11ccfd234073
39c312bd5c05f5,c7571689-9bfc-3f0b-9e8c-60e64330aead
53b00946580808,01b8fd7c-8590-38cc-aa20-6dd6e74da5f8
418e2b683c66ef,baf4cc7e-c7b4-3f85-be25-c0b3df82570f
a1308dadb9afef,374c0735-23e2-39dd-b39b-f12759f4102b
e6d06b333642fe,f01f99b8-2dbb-301a-84c4-3ac463d131ce
erda,245f8df6-e9f8-38bf-b500-3eaf7049a3a9
69745019d75139,84208fca-e19f-32a7-a09e-48998d555f08
00f3024d9448c4,784c7d84-35b5-39f5-9880-2217321301dc
68e96ea066d79d,31f28dfd-e3cc-3cbf-9ed0-2457a0654357
7d6b36512cb37a,3a4d8b20-dd99-39a5-b408-62a583d1758d
ccdbe4005b9a82,d14bc284-40a6-3902-a3df-8d482a3153a6
bb8875f9d6491c,36ce79b3-90c0-33f7-82b0-4d41ee506558
b08f004bbb13eb,c0827f67-9542-34f4-9c01-76134fd649f0
c0dbfc71aa93ba,3b0004af-5a71-3410-a66a-6ef01a192e4e
f7ed7e84db6b5a,0787cd8b-0618-3b00-a9dd-c3a0e6936363
b6a96b285285c8,656cd9db-3e8c-38f0-bdc4-5f0595316803
41c6fda9d06930,2139fba8-30a2-3a06-876f-c635d0091d28
1b8f36be92e801,6bc5a700-4b78-3505-b2f4-fefff7bb1ca8
e3382745e2cf6d,3a6d68b2-42d8-314b-94b5-3f7cce4a5c21
ea947189a71d9b,fb2f6299-4bb7-392f-8130-4f5d6245c023
1ca87d92a481c5,451d8c70-19b6-308b-a47f-7e8544f42ad0
90bf420df89c0c,4a221517-5fb5-3813-821a-672dc38de26a
87fa7a1a056e26,8caac509-753c-329c-8e48-8b4027f5f4b8
b529538a765a6b,9574bd1b-ad3c-3e9c-8ec4-284f9fa82a00
marysa,ce9b2402-8830-357f-9245-296621f0948e
94ae1d9731cebe,82af8555-625c-39fc-ade7-835afcbfb29f
ashla,4e0e7a93-bd36-30d0-8da1-b4b913500034
1c4bada15c0113,746c6ed0-c121-368a-912f-43076416ba9e
f97b40b2245d36,d31794d9-0ebc-30ae-971a-e934694ad7a3
4e40742772e0ca,023a4f03-75c2-3a3f-b29a-46fbaf3512e8
157d2b3d41e807,5b1ea37a-9f40-3b96-981f-9f1242891d05
dddc9cf9df1159,76b0eaae-f9e2-3cc1-a87e-1faa51d0c9bf
2e198eddecc072,c522cee6-7a16-32c1-8df0-d1df0817ee6b
b7f131299b9103,54f74700-c50d-3f6e-bab5-7458c3709f95
3612d766a08326,62cd4bc2-2982-3489-aa10-341ac3c24c8b
5ed72f435ddd53,635377ff-6968-3570-95a0-108e888bd70e
c36d47f0e4567b,b6ba1177-dfbd-369e-8fe8-a65be002d799
d846b0f88d8609,68021b56-95bf-36db-8032-a8c7d9b36870
286c3d8c014b50,d51cdcac-9265-36ae-971d-d465dfbbc9b6
b76fd566cce52e,ec2823fc-9872-3be7-b9eb-cebc53645177
4c5affe9c83eae,73bcdfd8-0acb-3be5-aa95-6611b244a3a8
8966f333c54fe9,4e4229f1-63da-31c5-81a1-4d77f1a8264c
