{"stat.walkOneCm":135055,"stat.playerKills":8,"stat.leaveGame":4,"stat.useItem.minecraft.tnt":353,"stat.useItem.minecraft.diamond_sword":36,"stat.killEntity.PigZombie":3,"stat.useItem.minecraft.bedrock":14,"stat.jump":459,"stat.swimOneCm":353,"stat.fallOneCm":13989,"stat.crouchOneCm":2103,"stat.sprintOneCm":53554,"stat.useItem.minecraft.diamond_block":67,"achievement.exploreAllBiomes":{"value":0,"progress":["Savanna Plateau","ForestHills","Birch Forest","Roofed Forest","Plains","TaigaHills","Beach","Extreme Hills+","Forest","River","Ocean","Taiga","Desert","Extreme Hills","Savanna M","Swampland","Deep Ocean","Savanna"]},"achievement.openInventory":8,"stat.killEntity.Chicken":1,"stat.useItem.minecraft.flint_and_steel":72,"stat.damageTaken":1295,"stat.mobKills":17,"stat.flyOneCm":1246244,"stat.deaths":6,"stat.mineBlock.minecraft.leaves":28,"stat.playOneMinute":159679,"stat.killEntity.Witch":1,"stat.killEntity.Sheep":1,"stat.damageDealt":4546,"stat.killEntity.Rabbit":2,"stat.timeSinceDeath":56553,"stat.killEntity.Cow":4,"stat.mineBlock.minecraft.dirt":75,"stat.killEntity.Pig":5,"stat.mineBlock.minecraft.tallgrass":3,"stat.diveOneCm":260}